Tissue	project	num_samples	rail_ids
Adipose_Tissue	SRP012682	620	50127,50162,50170,50181,50227,50230,50246,50252,50273,50274,50280,50310,50319,50320,50332,50345,50361,50377,50394,50395,50406,50477,50542,50567,50579,50587,50591,50611,50631,50633,50654,50677,50679,50684,50705,50733,50745,50766,50770,50775,50812,50838,50848,50850,50853,50854,50878,50880,50885,50903,50913,50917,50949,50987,51043,51049,51050,51052,51065,51068,51069,51099,51114,51142,51152,51161,51165,51174,51202,51208,51212,51214,51215,51239,51240,51313,51321,51364,51387,51416,51447,51460,51462,51464,51473,51479,51511,51516,51517,51528,51590,51603,51610,51618,51623,51663,51698,51728,51775,51783,51791,51793,51796,51812,51814,51832,51839,51850,51854,51856,51866,51876,51879,51894,51900,51902,51916,51945,51953,51958,51972,51984,51991,51996,52022,52097,52112,52115,52144,52166,52198,52209,52210,52211,52232,52258,52279,52286,52298,52300,52393,52396,52399,52406,52427,52440,52443,52487,52497,52525,52534,52553,52568,52583,52589,52600,52646,52657,52664,52678,52712,52764,52765,52818,52824,52830,52846,52855,52859,52896,52932,52937,52938,52951,52977,52988,52991,52995,53050,53051,53058,53063,53077,53091,53097,53130,53133,53139,53141,53182,53215,53229,53248,53252,53256,53266,53275,53302,53315,53343,53371,53372,53391,53422,53438,53441,53464,53481,53497,53503,53513,53523,53528,53529,53557,53584,53637,53644,53659,53695,53696,53713,53726,53752,53757,53766,53767,53779,53790,53793,53796,53805,53824,53832,53834,53845,53850,53855,53868,53900,53910,53927,53947,53970,53982,53986,53991,54021,54050,54051,54070,54072,54079,54088,54094,54110,54116,54140,54180,54195,54201,54260,54269,54302,54317,54333,54366,54380,54384,54388,54416,54421,54426,54429,54445,54456,54473,54485,54499,54522,54543,54555,54561,54565,54578,54595,54613,54616,54636,54661,54704,54710,54732,54734,54741,54747,54750,54774,54786,54796,54808,54817,54827,54842,54843,54863,54883,54901,54902,54924,54950,54963,54978,55018,55024,55044,55050,55062,55075,55108,55115,55117,55124,55132,55141,55158,55169,55187,55218,55227,55243,55250,55264,55275,55313,55342,55360,55363,55364,55368,55370,55391,55414,55419,55422,55440,55441,55460,55471,55472,55536,55562,55565,55572,55580,55590,55629,55642,55649,55707,55725,55732,55744,55746,55752,55754,55811,55858,55863,55874,55880,55887,55895,55906,55915,55946,55947,55951,55954,56003,56016,56043,56070,56074,56115,56148,56153,56160,56192,56219,56236,56304,56324,56330,56344,56351,56362,56367,56385,56399,56402,56409,56423,56473,56491,56492,56505,56519,56524,56526,56557,56565,56566,56633,56639,56641,56643,56650,56654,56661,56669,56670,56699,56717,56737,56773,56806,56821,56840,56858,56876,56885,56919,56923,56933,56948,56954,56959,56960,56998,57006,57015,57035,57079,57084,57093,57098,57107,57118,57122,57124,57136,57143,57174,57226,57237,57241,57257,57276,57282,57304,57342,57345,57350,57392,57397,57405,57410,57421,57436,57440,57495,57530,57533,57536,57582,57584,57588,57600,57610,57634,57666,57697,57701,57719,57731,57732,57743,57746,57766,57775,57779,57789,57790,57822,57836,57838,57842,57877,57885,57906,57919,57930,57931,57960,57965,57974,57993,57996,58003,58005,58013,58033,58046,58075,58076,58078,58094,58112,58132,58164,58212,58240,58247,58271,58284,58291,58307,58313,58321,58327,58345,58379,58397,58401,58404,58414,58432,58452,58471,58478,58502,58523,58531,58568,58572,58586,58591,58602,58610,58618,58624,58634,58653,58654,58685,58686,58733,58766,58791,58794,58805,58823,58825,58853,58862,58878,58886,58891,58909,58918,58974,58985,59030,59041,59045,59051,59066,59071,59079,59092,59103,59105,59135,59151,59172,59223,59224,59306,59327,59344,59361,59363,59368,59371,59382,59389,59398,59414,59447,59479,59498,59509,59520,59533,59552,59556,59563,59564,59567,59572,59578,59581,59582,59609,59624,59638,59652,59687,59728
Adrenal_Gland	SRP012682	159	50141,50223,50226,50317,50497,50563,50693,50709,50738,50751,50823,50828,50829,50869,50888,50983,50998,51028,51106,51125,51160,51226,51273,51331,51417,51470,51531,51542,51567,51643,51656,51703,51829,51982,51990,52295,52415,52437,52627,52648,52661,52679,52698,52820,52869,52929,52954,52961,52967,52981,53042,53044,53061,53115,53188,53217,53618,53671,53725,53768,53785,53786,53851,53863,53871,53925,53959,53987,54036,54117,54163,54182,54241,54256,54319,54381,54433,54481,54624,54634,54635,54669,54673,54768,54847,55017,55064,55106,55140,55171,55226,55236,55300,55354,55427,55593,55678,55708,55747,55788,55885,56063,56128,56134,56189,56384,56389,56390,56463,56521,56604,56682,56686,56812,56825,56831,56928,57287,57332,57341,57395,57433,57466,57471,57528,57595,57694,57706,57736,57784,57786,57845,57846,57899,57947,58071,58134,58339,58403,58464,58667,58726,58730,58760,58822,58908,58972,58987,58989,59028,59085,59108,59178,59196,59267,59358,59481,59639,59650
Bladder	SRP012682	11	50326,50638,52001,52351,53907,54915,55161,57180,57480,58926,59651
Blood	SRP012682	595	50122,50136,50138,50146,50158,50165,50169,50186,50214,50249,50254,50260,50337,50360,50365,50380,50422,50438,50447,50448,50453,50454,50455,50462,50511,50520,50530,50546,50569,50580,50585,50617,50624,50642,50644,50645,50663,50670,50676,50701,50711,50741,50742,50746,50759,50773,50782,50795,50799,50851,50867,50922,50928,50993,51030,51071,51092,51093,51098,51110,51131,51136,51144,51149,51150,51151,51153,51164,51199,51235,51341,51354,51388,51399,51407,51415,51434,51466,51534,51548,51591,51667,51702,51717,51737,51742,51752,51753,51762,51765,51768,51772,51781,51782,51788,51790,51797,51807,51810,51824,51845,51929,51951,51956,51967,52023,52025,52045,52047,52055,52057,52062,52067,52068,52070,52072,52074,52081,52106,52125,52141,52146,52162,52164,52188,52203,52254,52277,52327,52346,52353,52354,52359,52366,52369,52376,52384,52386,52401,52432,52433,52454,52466,52474,52490,52691,52697,52708,52718,52744,52745,52784,52785,52796,52801,52840,52841,52845,52854,52876,52883,52886,52916,52930,52997,52999,53006,53016,53019,53021,53031,53035,53048,53054,53071,53082,53125,53167,53171,53185,53320,53322,53325,53326,53328,53333,53337,53345,53354,53361,53386,53392,53399,53416,53429,53440,53470,53477,53514,53515,53559,53569,53590,53592,53594,53613,53647,53669,53672,53674,53680,53698,53706,53709,53720,53749,53784,53822,53862,53976,53997,54023,54032,54039,54044,54054,54055,54084,54096,54114,54122,54178,54210,54235,54291,54293,54296,54312,54324,54332,54344,54347,54348,54351,54352,54360,54369,54399,54427,54438,54451,54479,54495,54501,54535,54538,54581,54607,54609,54630,54641,54655,54664,54671,54678,54680,54688,54694,54708,54718,54737,54765,54775,54781,54802,54816,54818,54820,54823,54887,54896,54925,54931,54934,54945,54947,54953,54954,54958,54986,54995,54998,55000,55005,55068,55116,55174,55206,55222,55245,55255,55265,55270,55273,55276,55279,55281,55287,55289,55307,55309,55311,55320,55324,55325,55329,55344,55365,55389,55411,55436,55448,55451,55474,55475,55513,55521,55556,55578,55583,55585,55597,55605,55607,55630,55636,55648,55658,55663,55666,55667,55673,55674,55680,55683,55704,55706,55724,55794,55829,55831,55888,55900,55908,55910,55913,55918,55939,55966,55972,55981,55991,56001,56010,56108,56116,56200,56233,56241,56254,56272,56306,56318,56334,56387,56434,56443,56465,56500,56529,56542,56561,56562,56582,56586,56599,56616,56620,56635,56655,56656,56696,56705,56711,56728,56752,56769,56826,56830,56844,56869,56873,56880,56887,56888,56891,56903,56904,56907,57003,57011,57012,57025,57038,57112,57150,57167,57189,57196,57203,57206,57211,57222,57242,57250,57251,57269,57272,57307,57308,57319,57346,57353,57356,57366,57445,57484,57502,57509,57520,57526,57537,57539,57544,57545,57548,57552,57564,57609,57626,57660,57678,57688,57710,57759,57799,57805,57828,57837,57848,57852,57861,57865,57871,57873,57875,57887,57888,57889,57891,57898,57913,57925,57927,57935,57964,58007,58009,58023,58037,58149,58161,58166,58170,58184,58192,58204,58208,58211,58238,58243,58245,58246,58316,58386,58420,58430,58434,58460,58474,58486,58490,58492,58497,58498,58500,58524,58526,58528,58546,58558,58565,58567,58570,58577,58605,58678,58693,58713,58746,58817,58818,58826,58837,58841,58846,58848,58857,58858,58869,58877,58897,58907,58940,58968,59044,59047,59067,59073,59097,59098,59117,59120,59121,59122,59126,59128,59142,59149,59153,59203,59207,59210,59220,59255,59304,59332,59359,59360,59367,59394,59402,59410,59426,59439,59453,59459,59469,59471,59474,59482,59496,59507,59517,59521,59522,59523,59526,59535,59546,59561,59562,59569,59585,59587,59594,59611,59634,59644,59654,59679,59684,59695,59708,59720
Blood_Vessel	SRP012682	750	50112,50116,50119,50152,50154,50172,50190,50196,50239,50242,50269,50279,50281,50313,50321,50324,50335,50340,50389,50402,50409,50415,50441,50463,50466,50468,50493,50512,50521,50523,50525,50531,50568,50571,50573,50574,50578,50581,50593,50596,50603,50609,50621,50634,50636,50637,50655,50656,50681,50688,50694,50695,50703,50713,50724,50726,50740,50754,50784,50786,50790,50793,50803,50816,50849,50857,50865,50866,50883,50887,50902,50926,50943,50957,50960,50971,50989,50990,51016,51062,51072,51084,51086,51096,51172,51177,51197,51203,51211,51217,51223,51229,51237,51254,51261,51287,51295,51306,51319,51325,51347,51391,51408,51411,51412,51425,51430,51449,51482,51504,51513,51519,51530,51545,51557,51564,51580,51583,51596,51600,51607,51619,51635,51640,51644,51670,51671,51673,51678,51683,51693,51721,51748,51777,51795,51819,51825,51831,51849,51868,51880,51882,51893,51911,51912,51934,51942,51977,51978,52000,52020,52075,52086,52090,52113,52123,52131,52139,52174,52195,52220,52222,52223,52224,52235,52259,52262,52269,52294,52305,52320,52328,52336,52361,52402,52411,52426,52435,52438,52445,52455,52470,52477,52479,52484,52502,52520,52540,52541,52543,52544,52550,52554,52562,52577,52590,52596,52628,52638,52644,52650,52668,52683,52686,52693,52703,52709,52732,52738,52742,52772,52775,52776,52822,52825,52837,52848,52862,52873,52878,52884,52909,52913,52922,52927,52935,52936,52956,52963,52964,52970,52979,52980,53033,53034,53052,53056,53069,53070,53092,53110,53117,53129,53134,53156,53204,53209,53214,53231,53235,53253,53254,53263,53267,53268,53276,53292,53313,53317,53344,53356,53365,53404,53405,53433,53444,53449,53466,53475,53482,53495,53496,53506,53517,53520,53565,53585,53598,53627,53628,53633,53663,53664,53667,53673,53679,53701,53707,53724,53740,53756,53760,53770,53787,53807,53828,53839,53843,53866,53870,53874,53889,53890,53934,53935,53939,53943,53951,53952,53958,53998,54009,54028,54074,54102,54109,54127,54129,54160,54166,54174,54177,54188,54193,54203,54224,54238,54259,54264,54267,54270,54292,54306,54378,54383,54391,54397,54414,54437,54452,54458,54468,54494,54512,54520,54530,54554,54583,54591,54600,54637,54639,54643,54662,54689,54714,54755,54759,54767,54780,54787,54797,54799,54800,54803,54821,54824,54858,54882,54890,54892,54898,54906,54908,54929,54938,54943,54957,54973,54981,55023,55028,55035,55070,55077,55079,55110,55114,55136,55138,55148,55163,55173,55184,55193,55207,55208,55209,55212,55213,55225,55246,55249,55259,55267,55272,55274,55282,55295,55297,55322,55358,55362,55380,55404,55425,55432,55442,55458,55461,55469,55497,55512,55523,55525,55538,55554,55555,55559,55563,55571,55581,55606,55617,55655,55657,55669,55687,55726,55765,55773,55805,55820,55835,55839,55843,55859,55862,55867,55916,55936,55971,56014,56015,56031,56042,56051,56068,56073,56082,56086,56094,56101,56119,56155,56158,56183,56184,56191,56198,56212,56216,56222,56250,56288,56307,56308,56314,56320,56333,56378,56392,56400,56427,56442,56449,56455,56467,56468,56483,56490,56503,56507,56510,56512,56518,56523,56525,56531,56535,56567,56570,56610,56625,56636,56664,56672,56688,56707,56709,56721,56738,56739,56748,56753,56763,56768,56784,56788,56793,56800,56804,56807,56828,56851,56856,56867,56874,56906,56914,56924,56927,56969,56970,56981,56994,57009,57024,57028,57029,57057,57061,57071,57073,57075,57077,57101,57108,57130,57146,57149,57152,57159,57160,57175,57177,57205,57215,57219,57227,57238,57247,57258,57285,57290,57302,57310,57320,57338,57339,57352,57370,57374,57403,57407,57409,57428,57431,57459,57462,57489,57504,57513,57519,57547,57613,57642,57662,57664,57677,57685,57702,57716,57723,57742,57795,57796,57802,57811,57814,57833,57866,57867,57874,57876,57879,57901,57903,57904,57920,57939,57942,57945,57955,57967,57986,57990,58017,58028,58042,58049,58059,58061,58066,58085,58150,58176,58188,58194,58219,58230,58237,58250,58264,58281,58290,58293,58296,58309,58329,58332,58347,58357,58360,58371,58394,58410,58433,58465,58466,58494,58509,58512,58522,58534,58535,58538,58541,58608,58642,58662,58670,58687,58700,58706,58708,58717,58734,58758,58776,58779,58780,58787,58792,58799,58828,58833,58849,58863,58879,58925,58931,58938,58942,58952,58958,58960,58978,59002,59008,59012,59016,59031,59040,59057,59093,59133,59141,59166,59169,59177,59179,59197,59198,59205,59208,59235,59241,59287,59293,59294,59302,59324,59335,59336,59353,59365,59392,59396,59401,59428,59430,59438,59441,59442,59455,59476,59499,59502,59545,59558,59570,59588,59598,59603,59607,59617,59629,59642,59647,59662,59673,59701,59712,59721,59722,59729,59744,59752,59757
Bone_Marrow	SRP012682	102	50204,50417,50559,50809,51045,51120,51162,51393,51433,51629,51823,51857,51885,52050,52082,52109,52122,52134,52403,52714,52730,52759,52856,52933,53111,53124,53149,53150,53357,53370,53406,53434,53472,53485,53583,53814,53899,54155,54202,54250,54343,54415,54430,54482,54614,54633,54709,54829,54916,55176,55224,55304,55430,55806,55927,56007,56188,56217,56264,56266,56395,56398,56493,56563,56571,56585,56602,56897,56898,56921,57032,57127,57162,57200,57492,57496,57517,57527,57549,57655,57851,57938,58008,58517,58860,58861,58868,58896,58912,59038,59070,59127,59225,59273,59282,59383,59456,59549,59612,59636,59680,59689
Brain	SRP012682	1409	50099,50105,50110,50124,50126,50133,50159,50160,50163,50167,50178,50179,50201,50209,50210,50212,50213,50225,50233,50237,50250,50263,50264,50272,50276,50277,50287,50291,50293,50294,50300,50301,50311,50314,50325,50341,50347,50355,50370,50371,50374,50383,50392,50400,50418,50419,50423,50424,50425,50430,50437,50439,50445,50451,50456,50459,50472,50475,50479,50480,50482,50484,50485,50486,50488,50499,50500,50501,50507,50508,50513,50516,50518,50519,50522,50532,50537,50548,50562,50582,50589,50599,50602,50615,50619,50620,50626,50630,50635,50646,50647,50651,50662,50664,50687,50697,50698,50704,50707,50712,50727,50737,50748,50750,50756,50758,50760,50761,50765,50769,50771,50772,50774,50781,50785,50791,50794,50798,50800,50801,50802,50804,50810,50815,50817,50825,50827,50832,50833,50834,50845,50846,50856,50858,50861,50863,50881,50896,50914,50920,50924,50929,50945,50947,50958,50962,50965,50967,50969,50972,50977,50979,50986,50995,51004,51008,51012,51022,51037,51060,51075,51077,51082,51088,51103,51107,51109,51112,51119,51121,51122,51130,51133,51134,51139,51147,51155,51159,51168,51171,51178,51185,51188,51190,51192,51194,51196,51220,51225,51227,51228,51231,51243,51258,51276,51278,51279,51293,51308,51316,51322,51326,51327,51339,51342,51348,51356,51359,51361,51377,51382,51385,51386,51397,51402,51404,51406,51409,51413,51418,51427,51429,51436,51437,51441,51448,51450,51451,51455,51456,51457,51459,51463,51474,51490,51499,51502,51505,51506,51512,51514,51515,51518,51520,51522,51526,51553,51560,51565,51573,51575,51577,51587,51593,51599,51604,51651,51665,51677,51686,51697,51714,51715,51716,51718,51741,51755,51756,51757,51764,51769,51778,51784,51802,51803,51808,51809,51816,51836,51837,51840,51847,51852,51864,51865,51875,51878,51888,51899,51903,51904,51906,51920,51923,51940,51943,51966,51974,51975,51981,51992,51993,52002,52006,52009,52031,52032,52034,52048,52053,52056,52059,52069,52071,52076,52077,52079,52080,52083,52084,52085,52088,52092,52099,52132,52152,52154,52158,52163,52167,52175,52176,52185,52189,52194,52216,52229,52240,52244,52252,52253,52257,52278,52292,52297,52299,52301,52304,52308,52309,52311,52334,52344,52349,52352,52356,52367,52371,52372,52378,52380,52381,52382,52390,52429,52439,52442,52450,52457,52458,52459,52475,52480,52492,52498,52499,52503,52510,52511,52521,52522,52526,52531,52533,52547,52548,52560,52567,52572,52580,52584,52591,52592,52601,52605,52608,52623,52630,52651,52654,52665,52670,52671,52675,52680,52689,52699,52701,52704,52723,52724,52725,52727,52728,52729,52734,52740,52741,52743,52748,52750,52752,52758,52781,52789,52790,52791,52803,52806,52807,52817,52829,52832,52834,52851,52852,52857,52870,52892,52901,52903,52908,52910,52919,52942,52946,52949,52978,52984,52985,52989,53003,53005,53008,53013,53023,53026,53036,53037,53041,53043,53047,53053,53057,53067,53076,53099,53103,53107,53109,53114,53116,53123,53142,53143,53151,53152,53153,53157,53158,53161,53162,53168,53170,53175,53187,53189,53192,53196,53216,53223,53225,53234,53251,53261,53279,53289,53295,53296,53298,53319,53324,53327,53330,53331,53332,53341,53346,53348,53350,53358,53360,53362,53363,53375,53376,53384,53385,53387,53389,53395,53417,53419,53423,53426,53448,53451,53452,53463,53467,53468,53469,53474,53479,53508,53531,53534,53536,53544,53554,53564,53567,53582,53596,53602,53614,53619,53622,53635,53636,53645,53649,53650,53651,53654,53655,53660,53661,53675,53677,53681,53684,53687,53690,53691,53699,53704,53716,53717,53730,53732,53735,53736,53737,53739,53758,53759,53774,53775,53782,53783,53788,53795,53813,53815,53819,53826,53841,53848,53857,53859,53861,53867,53885,53891,53893,53897,53898,53913,53914,53922,53929,53931,53938,53964,53966,53969,53971,53977,53979,53983,53988,53989,53990,54004,54014,54024,54029,54058,54059,54064,54069,54080,54090,54101,54113,54123,54124,54130,54131,54146,54165,54167,54192,54194,54197,54208,54212,54216,54233,54234,54245,54251,54253,54255,54257,54258,54273,54277,54285,54287,54289,54294,54295,54300,54301,54307,54309,54310,54313,54314,54315,54321,54322,54326,54328,54329,54330,54338,54356,54358,54392,54395,54398,54404,54408,54424,54434,54444,54449,54450,54453,54460,54461,54462,54464,54474,54483,54489,54498,54506,54516,54521,54524,54533,54546,54547,54548,54550,54564,54569,54572,54588,54598,54610,54612,54617,54620,54622,54623,54627,54628,54642,54648,54652,54658,54663,54668,54672,54674,54677,54682,54686,54698,54712,54715,54721,54722,54723,54731,54743,54746,54758,54777,54779,54782,54791,54826,54835,54837,54844,54845,54852,54853,54854,54873,54877,54880,54885,54886,54912,54913,54937,54946,54959,54962,54964,54965,54966,54974,54975,54980,54982,54992,54993,55002,55006,55008,55010,55011,55013,55021,55022,55026,55029,55039,55049,55053,55059,55063,55072,55080,55096,55105,55111,55120,55122,55126,55129,55159,55172,55177,55182,55195,55232,55237,55253,55256,55263,55266,55268,55271,55280,55283,55285,55299,55312,55318,55319,55330,55339,55346,55348,55352,55376,55382,55396,55397,55399,55400,55405,55410,55424,55426,55431,55446,55449,55480,55481,55483,55486,55490,55496,55500,55503,55505,55506,55507,55526,55541,55550,55558,55574,55575,55577,55579,55584,55594,55595,55604,55609,55612,55614,55619,55624,55625,55626,55631,55632,55650,55651,55664,55672,55681,55684,55690,55693,55694,55701,55703,55714,55717,55718,55719,55749,55762,55769,55774,55782,55795,55797,55800,55817,55832,55833,55842,55856,55866,55886,55896,55901,55911,55924,55928,55931,55949,55956,55960,55961,55963,55965,55979,56005,56006,56013,56018,56023,56029,56035,56037,56046,56047,56048,56052,56059,56077,56081,56087,56104,56107,56114,56130,56131,56137,56154,56164,56165,56171,56185,56190,56206,56224,56226,56230,56231,56235,56242,56245,56246,56253,56260,56267,56275,56297,56309,56310,56321,56326,56331,56352,56354,56355,56358,56369,56396,56404,56406,56431,56435,56438,56446,56478,56480,56501,56508,56520,56528,56532,56537,56543,56546,56547,56556,56558,56569,56575,56577,56581,56583,56587,56589,56595,56596,56611,56624,56628,56632,56638,56640,56665,56674,56684,56698,56700,56713,56719,56729,56731,56735,56741,56747,56760,56764,56765,56766,56796,56803,56811,56818,56819,56822,56834,56839,56859,56864,56865,56875,56881,56896,56899,56910,56911,56917,56918,56920,56922,56925,56929,56934,56943,56946,56992,57001,57004,57031,57043,57048,57050,57051,57060,57067,57076,57078,57081,57097,57103,57109,57113,57123,57126,57192,57201,57209,57228,57232,57245,57246,57253,57255,57262,57263,57293,57296,57298,57303,57306,57311,57313,57314,57315,57318,57324,57329,57334,57336,57340,57348,57351,57365,57372,57379,57384,57385,57386,57393,57396,57402,57430,57435,57451,57481,57482,57498,57501,57510,57515,57518,57521,57522,57534,57542,57551,57554,57555,57559,57565,57577,57589,57592,57597,57607,57621,57622,57625,57630,57636,57637,57647,57648,57658,57665,57674,57681,57687,57705,57724,57729,57735,57744,57748,57749,57750,57752,57761,57768,57778,57781,57797,57798,57809,57826,57829,57843,57856,57857,57859,57881,57886,57895,57897,57905,57912,57916,57921,57923,57941,57946,57948,57950,57952,57975,57981,57994,57995,58015,58018,58031,58035,58041,58045,58047,58048,58050,58058,58065,58070,58077,58080,58086,58088,58095,58108,58109,58117,58151,58158,58159,58163,58168,58175,58180,58183,58187,58189,58191,58195,58196,58197,58205,58210,58222,58224,58234,58239,58262,58272,58277,58278,58283,58297,58301,58305,58308,58323,58324,58326,58343,58349,58365,58388,58392,58393,58413,58421,58424,58435,58445,58450,58481,58483,58484,58495,58503,58506,58510,58513,58514,58539,58562,58573,58582,58590,58595,58601,58614,58621,58622,58627,58632,58637,58639,58644,58647,58649,58652,58655,58657,58668,58669,58711,58729,58731,58739,58741,58742,58747,58748,58756,58757,58762,58795,58800,58802,58803,58806,58809,58813,58816,58827,58832,58839,58844,58847,58850,58854,58867,58871,58873,58876,58887,58889,58915,58919,58927,58929,58930,58950,58955,58973,58977,58984,58993,59003,59009,59022,59023,59048,59069,59075,59078,59081,59106,59118,59119,59123,59131,59138,59147,59154,59156,59158,59167,59175,59188,59189,59191,59193,59213,59215,59221,59228,59234,59240,59268,59269,59272,59279,59280,59285,59295,59308,59309,59319,59326,59329,59333,59334,59352,59362,59381,59393,59397,59404,59405,59411,59423,59449,59451,59452,59454,59458,59461,59473,59477,59478,59480,59485,59487,59491,59504,59505,59514,59530,59532,59540,59547,59548,59555,59559,59560,59571,59595,59597,59601,59604,59610,59614,59615,59621,59627,59655,59656,59661,59663,59674,59678,59685,59686,59694,59699,59700,59707,59710,59715,59718,59735,59747,59748,59753
Breast	SRP012682	218	50184,50228,50296,50307,50323,50411,50444,50446,50495,50600,50629,50661,50718,50780,50814,50836,50923,50961,50994,51002,51035,51053,51176,51207,51210,51274,51345,51371,51400,51539,51614,51689,51738,51859,51919,52005,52018,52094,52100,52116,52119,52177,52197,52200,52239,52268,52289,52481,52542,52549,52625,52688,52762,52763,52844,52899,52904,52917,52955,52959,53024,53068,53146,53219,53224,53245,53397,53484,53490,53491,53501,53510,53573,53577,53593,53612,53616,53754,53776,53821,53882,53932,53950,54048,54073,54099,54121,54136,54144,54148,54184,54206,54221,54231,54275,54297,54355,54403,54514,54618,54644,54690,54695,54834,54840,54870,54942,55007,55014,55034,55061,55081,55085,55231,55233,55310,55369,55384,55429,55447,55477,55528,55601,55665,55686,55713,55736,55743,55830,55869,55922,55998,56210,56234,56256,56282,56284,56363,56414,56426,56452,56487,56648,56703,56710,56730,56751,56755,56775,56905,56964,56991,57022,57027,57036,57040,57064,57085,57144,57145,57154,57178,57213,57321,57400,57441,57467,57820,57821,57849,57860,57884,58038,58081,58087,58091,58155,58182,58228,58236,58270,58300,58319,58334,58336,58364,58399,58407,58417,58463,58508,58569,58578,58603,58671,58684,58790,59020,59021,59102,59132,59134,59231,59263,59275,59296,59350,59429,59472,59492,59500,59506,59539,59613,59649,59697,59704,59727
Cervix_Uteri	SRP012682	11	50284,52243,52282,52895,54106,56122,56530,56776,57137,58788,59374
Colon	SRP012682	376	50168,50174,50221,50231,50241,50243,50248,50306,50343,50349,50403,50429,50607,50649,50671,50691,50714,50729,50874,50916,50927,50930,50975,51005,51006,51014,51023,51040,51051,51057,51097,51105,51132,51247,51256,51284,51298,51350,51368,51369,51380,51435,51452,51467,51486,51489,51492,51503,51536,51566,51645,51648,51662,51685,51780,51804,51815,51838,51871,51872,51883,51889,51908,51917,51926,51936,51938,51952,51957,51963,52026,52037,52105,52126,52142,52172,52272,52307,52312,52500,52504,52505,52530,52555,52609,52634,52647,52707,52715,52719,52736,52787,52788,52792,52793,52835,52849,52867,52875,52918,52924,52966,52971,52992,53038,53045,53064,53072,53093,53118,53172,53177,53195,53208,53226,53236,53238,53394,53402,53408,53493,53509,53516,53522,53581,53600,53610,53630,53634,53662,53741,53778,53791,53818,53831,53869,53873,53877,53923,53937,53981,54008,54042,54047,54067,54107,54139,54199,54211,54214,54237,54239,54240,54247,54278,54311,54337,54428,54436,54454,54515,54529,54573,54626,54651,54681,54687,54693,54735,54736,54752,54772,54790,54795,54861,54872,54884,54889,54894,54920,54988,55037,55088,55144,55154,55166,55167,55181,55185,55200,55223,55438,55468,55488,55514,55557,55561,55564,55592,55613,55692,55712,55715,55723,55737,55767,55785,55786,55809,55834,55848,55883,55897,55932,55933,55940,55970,55990,55993,56012,56061,56078,56095,56098,56100,56118,56121,56132,56152,56177,56182,56205,56208,56252,56263,56283,56370,56412,56420,56445,56469,56475,56497,56511,56644,56658,56697,56704,56744,56745,56749,56758,56779,56791,56820,56835,56939,56953,56977,57052,57080,57082,57083,57099,57110,57131,57187,57202,57220,57268,57297,57358,57382,57434,57446,57478,57479,57529,57557,57576,57593,57596,57627,57628,57643,57671,57684,57714,57718,57725,57728,57740,57764,57769,57787,57788,57825,57883,57915,57926,57944,57956,58001,58020,58025,58053,58062,58063,58073,58128,58143,58206,58214,58258,58260,58320,58341,58342,58353,58358,58381,58412,58416,58443,58446,58462,58499,58504,58566,58589,58617,58650,58672,58712,58732,58752,58807,58964,59034,59036,59042,59060,59062,59089,59101,59112,59157,59168,59170,59180,59194,59226,59239,59248,59260,59298,59318,59355,59378,59388,59391,59408,59416,59467,59511,59518,59550,59591,59605,59630,59641,59676,59677,59726,59745,59754
Esophagus	SRP012682	788	50117,50145,50151,50182,50194,50203,50205,50232,50235,50258,50275,50283,50312,50329,50330,50331,50336,50350,50354,50363,50366,50369,50372,50376,50382,50385,50391,50397,50399,50401,50404,50410,50412,50414,50464,50467,50490,50510,50535,50549,50554,50556,50570,50586,50625,50639,50653,50680,50692,50702,50734,50739,50788,50820,50835,50840,50842,50875,50877,50901,50915,50934,50953,50955,50963,50970,50982,50985,50999,51007,51009,51010,51017,51018,51019,51024,51036,51056,51081,51117,51118,51138,51157,51179,51183,51189,51246,51267,51269,51271,51294,51301,51303,51307,51312,51328,51338,51343,51346,51349,51353,51355,51357,51365,51367,51375,51376,51410,51414,51432,51440,51442,51472,51476,51535,51550,51552,51572,51574,51589,51594,51598,51613,51617,51622,51625,51631,51633,51637,51649,51652,51654,51658,51661,51681,51701,51727,51820,51821,51822,51833,51858,51895,51901,51905,51976,51985,51989,52013,52014,52021,52030,52043,52046,52051,52054,52058,52065,52089,52091,52108,52110,52156,52159,52170,52173,52180,52181,52183,52187,52196,52201,52213,52230,52245,52251,52264,52281,52284,52303,52306,52321,52323,52325,52331,52332,52338,52341,52362,52377,52379,52385,52392,52400,52431,52456,52462,52468,52469,52517,52528,52535,52551,52579,52586,52599,52607,52613,52617,52637,52649,52662,52690,52716,52753,52767,52768,52795,52802,52804,52815,52819,52821,52826,52865,52868,52874,52881,52889,52906,52914,52926,53000,53078,53096,53104,53173,53197,53206,53221,53232,53241,53246,53247,53249,53255,53271,53274,53305,53306,53307,53312,53338,53339,53351,53368,53379,53381,53383,53403,53432,53457,53478,53487,53488,53498,53518,53525,53526,53532,53537,53552,53555,53556,53572,53575,53580,53586,53587,53591,53597,53603,53617,53632,53656,53670,53678,53703,53708,53731,53750,53753,53781,53809,53812,53820,53837,53846,53849,53904,53905,53909,53926,53946,53960,53994,53999,54007,54027,54034,54063,54065,54071,54087,54097,54098,54100,54137,54149,54150,54161,54162,54169,54172,54175,54183,54186,54198,54204,54218,54220,54226,54229,54246,54262,54298,54327,54349,54361,54377,54389,54402,54405,54410,54425,54443,54463,54466,54475,54487,54491,54503,54558,54559,54566,54577,54582,54586,54587,54590,54592,54599,54605,54606,54625,54646,54656,54675,54683,54702,54713,54716,54717,54728,54730,54745,54763,54773,54776,54783,54792,54813,54815,54832,54836,54857,54895,54897,54909,54955,54970,55015,55033,55047,55060,55074,55084,55087,55095,55097,55119,55137,55139,55152,55157,55160,55164,55178,55189,55194,55197,55203,55217,55248,55293,55303,55316,55341,55343,55350,55353,55377,55385,55388,55390,55409,55433,55454,55457,55465,55478,55487,55493,55532,55535,55539,55549,55560,55566,55567,55569,55618,55639,55645,55646,55652,55656,55697,55716,55722,55731,55741,55760,55766,55768,55784,55813,55814,55824,55827,55828,55837,55838,55844,55847,55853,55868,55876,55878,55905,55948,56026,56055,56056,56067,56091,56097,56109,56111,56126,56145,56157,56162,56172,56173,56176,56187,56194,56201,56207,56225,56228,56243,56258,56286,56345,56356,56357,56366,56391,56403,56415,56439,56441,56444,56451,56458,56486,56494,56517,56522,56540,56541,56564,56600,56606,56614,56619,56622,56634,56642,56647,56649,56671,56673,56693,56708,56732,56740,56757,56770,56797,56808,56815,56823,56833,56842,56846,56850,56855,56894,56901,56902,56916,56940,56942,56950,56961,56971,56990,57026,57041,57047,57090,57102,57104,57116,57125,57133,57134,57141,57142,57148,57153,57158,57169,57181,57208,57212,57218,57240,57261,57286,57301,57316,57322,57335,57337,57373,57377,57378,57383,57388,57398,57404,57423,57426,57427,57437,57439,57444,57448,57457,57464,57465,57469,57473,57483,57494,57497,57499,57507,57524,57538,57543,57572,57573,57580,57585,57587,57590,57598,57599,57611,57617,57639,57645,57646,57650,57663,57670,57680,57696,57709,57715,57730,57751,57757,57765,57780,57800,57804,57806,57810,57812,57813,57817,57824,57840,57854,57862,57894,57902,57907,57911,57917,57924,57966,57968,57976,57983,57988,57992,58000,58006,58057,58069,58089,58102,58111,58118,58125,58139,58142,58144,58146,58147,58181,58185,58207,58220,58223,58225,58251,58261,58288,58295,58315,58338,58346,58351,58352,58370,58372,58373,58374,58382,58385,58402,58405,58411,58415,58422,58425,58429,58431,58449,58453,58458,58467,58469,58473,58530,58571,58580,58594,58596,58631,58636,58660,58664,58675,58682,58707,58716,58763,58768,58774,58783,58819,58821,58856,58885,58898,58899,58901,58910,58932,58933,58944,58949,58951,58956,58957,58976,58983,58992,59001,59006,59025,59039,59049,59055,59065,59084,59086,59090,59091,59095,59160,59201,59211,59216,59244,59247,59252,59259,59261,59292,59301,59303,59330,59351,59357,59377,59384,59406,59415,59436,59483,59489,59494,59519,59541,59542,59576,59596,59599,59602,59623,59628,59646,59658,59660,59696,59705,59719,59759
Fallopian_Tube	SRP012682	7	50131,51378,52290,52905,55183,55875,58378
Heart	SRP012682	489	50101,50113,50185,50202,50218,50236,50240,50251,50255,50288,50304,50342,50373,50460,50487,50503,50504,50514,50524,50528,50560,50583,50588,50743,50749,50753,50768,50776,50779,50787,50813,50841,50871,50897,50898,50904,50918,50919,50931,50968,50973,51021,51025,51031,51073,51074,51089,51094,51111,51115,51127,51141,51145,51158,51169,51187,51241,51244,51253,51262,51265,51283,51292,51333,51471,51488,51494,51498,51509,51532,51537,51540,51558,51570,51576,51578,51608,51638,51655,51659,51660,51684,51695,51704,51711,51729,51730,51731,51733,51734,51740,51746,51749,51813,51828,51830,51843,51867,51870,51897,51931,51933,51980,52024,52027,52087,52093,52095,52128,52150,52182,52204,52217,52247,52256,52314,52343,52357,52374,52391,52397,52418,52430,52449,52453,52460,52483,52485,52506,52507,52513,52518,52564,52570,52576,52595,52610,52612,52676,52682,52685,52711,52720,52737,52749,52760,52766,52774,52798,52850,52879,52887,52891,52920,52921,52934,52939,52944,52948,52996,53009,53028,53087,53098,53100,53101,53122,53137,53194,53233,53297,53316,53366,53374,53401,53421,53431,53435,53442,53447,53483,53505,53533,53547,53562,53563,53568,53595,53642,53682,53686,53694,53723,53727,53728,53733,53738,53797,53883,53911,53949,53954,53956,53962,53965,53995,54005,54016,54062,54066,54076,54085,54095,54132,54142,54153,54157,54191,54209,54271,54288,54316,54320,54331,54336,54345,54353,54354,54374,54439,54457,54465,54484,54493,54513,54518,54527,54531,54541,54553,54615,54638,54645,54667,54696,54707,54760,54806,54833,54856,54891,54899,54936,54948,54949,54952,54985,54996,55004,55040,55057,55067,55089,55103,55215,55251,55258,55284,55308,55323,55331,55347,55355,55381,55401,55445,55482,55501,55540,55553,55587,55600,55608,55616,55638,55659,55689,55698,55710,55711,55733,55735,55748,55763,55779,55787,55793,55799,55804,55807,55823,55841,55864,55877,55893,55903,55914,55923,55930,55935,55964,55984,55999,56044,56112,56159,56167,56179,56195,56221,56248,56261,56274,56278,56291,56305,56323,56337,56339,56343,56349,56364,56379,56383,56386,56424,56514,56539,56572,56576,56588,56598,56629,56637,56646,56652,56679,56683,56685,56691,56723,56733,56827,56860,56862,56868,56870,56877,56884,56892,56908,56945,56951,57018,57039,57088,57156,57279,57291,57333,57357,57369,57442,57463,57500,57508,57535,57546,57562,57566,57602,57608,57612,57618,57629,57649,57652,57656,57673,57675,57698,57772,57776,57816,57831,57847,57853,57880,57910,57940,57953,57962,57969,58014,58030,58051,58101,58138,58162,58165,58174,58201,58235,58241,58256,58306,58311,58314,58400,58418,58439,58475,58477,58480,58482,58521,58529,58542,58554,58560,58575,58598,58609,58616,58640,58663,58680,58698,58737,58789,58808,58810,58812,58824,58843,58845,58892,58911,58916,58934,58959,58979,59000,59015,59027,59052,59096,59125,59155,59159,59176,59185,59200,59232,59237,59243,59250,59270,59337,59342,59348,59403,59409,59460,59462,59464,59501,59510,59515,59524,59543,59553,59584,59590,59620,59635,59637,59666,59740
Kidney	SRP012682	36	50238,50278,51091,51173,51786,52255,52611,52614,53066,53763,53799,53916,53953,54033,54040,54407,54654,55879,55953,56069,56092,56139,56276,56346,56433,56552,56680,56857,57570,57667,57878,58312,58496,58980,59274,59579
Liver	SRP012682	136	50130,50222,50289,50295,50351,50388,50434,50440,50545,50699,50700,50894,50908,50991,51047,51251,51366,51501,51647,51688,51754,51799,51851,52063,52102,52107,52143,52274,52319,52335,52337,52464,52473,52532,52536,52574,52663,52945,52998,53210,53240,53257,53314,53329,53398,53437,53458,53480,53715,53798,53811,53829,54011,54012,54022,54026,54126,54225,54228,54505,54523,54526,54534,54594,54910,54926,54944,55038,55092,55121,55127,55142,55153,55156,55216,55239,55306,55315,55421,55434,55518,55568,55591,55729,55757,55777,55894,55992,55994,56089,56099,56174,56374,56401,56484,56513,56630,56653,56678,57106,57438,57450,57452,57461,57493,57532,57581,57586,57631,57653,57699,57771,57823,57858,57863,58054,58145,58226,58328,58491,58587,58633,58743,58785,59054,59056,59129,59206,59281,59320,59323,59373,59379,59420,59448,59738
Lung	SRP012682	374	50103,50109,50140,50192,50199,50207,50217,50224,50244,50266,50348,50364,50433,50443,50452,50470,50489,50491,50505,50526,50597,50604,50623,50640,50674,50678,50736,50747,50792,50839,50873,50893,50921,50925,50932,50959,50988,51001,51003,51020,51087,51090,51101,51128,51129,51163,51175,51200,51204,51219,51248,51272,51296,51305,51314,51320,51360,51373,51383,51403,51423,51428,51446,51533,51541,51568,51581,51674,51692,51712,51745,51750,51776,51798,51861,51869,51890,51898,51921,51925,51944,51954,51968,51969,52036,52039,52041,52049,52061,52103,52208,52221,52226,52248,52329,52342,52345,52358,52395,52409,52465,52491,52529,52537,52546,52677,52739,52808,52809,52827,52842,52880,52890,52907,52915,53007,53011,53017,53018,53032,53060,53065,53089,53105,53120,53147,53160,53163,53165,53184,53284,53293,53300,53318,53335,53367,53369,53388,53411,53418,53443,53499,53511,53538,53576,53624,53626,53697,53700,53745,53802,53847,53864,53878,53884,53961,53963,53968,53984,54003,54010,54013,54018,54030,54052,54081,54108,54112,54143,54196,54243,54282,54284,54304,54510,54551,54596,54631,54649,54699,54751,54769,54770,54784,54805,54812,54830,54831,54848,54928,54930,54932,54933,54967,54976,54983,54984,54999,55012,55048,55051,55073,55082,55113,55123,55125,55175,55196,55252,55254,55269,55296,55328,55336,55359,55366,55394,55492,55495,55498,55504,55573,55615,55623,55660,55676,55750,55816,55825,55850,55872,55980,55995,56002,56038,56057,56075,56088,56106,56147,56149,56180,56196,56197,56209,56244,56262,56281,56290,56322,56336,56348,56381,56437,56456,56477,56479,56536,56538,56545,56551,56560,56590,56594,56597,56617,56621,56645,56657,56660,56667,56777,56813,56838,56871,56878,56883,56886,56900,56912,56936,57000,57008,57010,57013,57014,57042,57069,57120,57128,57161,57184,57185,57191,57199,57248,57249,57309,57326,57328,57368,57381,57394,57422,57443,57490,57511,57514,57556,57601,57669,57841,57900,57908,57929,57951,58060,58099,58105,58110,58135,58169,58203,58242,58255,58359,58447,58456,58505,58525,58555,58597,58613,58619,58629,58753,58765,58784,58796,58811,58820,58829,58831,58851,58905,58921,58936,58962,58965,58995,59059,59072,59074,59077,59124,59143,59161,59163,59164,59227,59266,59331,59338,59407,59419,59450,59466,59488,59493,59525,59529,59538,59648,59717
Muscle	SRP012682	475	50108,50123,50129,50153,50156,50166,50175,50200,50211,50256,50270,50299,50398,50426,50435,50442,50450,50550,50564,50598,50606,50612,50613,50648,50675,50686,50706,50717,50722,50752,50755,50762,50811,50819,50843,50862,50864,50879,50890,50905,50964,51013,51027,51048,51070,51079,51085,51100,51108,51123,51143,51146,51170,51184,51198,51201,51206,51209,51277,51291,51381,51390,51394,51424,51438,51458,51465,51487,51508,51527,51529,51546,51556,51611,51621,51636,51646,51669,51691,51696,51707,51709,51759,51760,51763,51767,51770,51771,51774,51789,51827,51848,51863,51873,51874,51892,51896,51941,52008,52015,52042,52044,52052,52066,52096,52098,52104,52111,52117,52120,52151,52153,52155,52161,52178,52186,52199,52205,52237,52270,52271,52276,52293,52324,52387,52408,52414,52423,52509,52539,52559,52578,52581,52594,52616,52622,52713,52733,52746,52747,52761,52779,52813,52828,52833,52863,52893,52941,52943,52972,53002,53014,53040,53046,53062,53083,53085,53119,53121,53127,53136,53148,53166,53259,53264,53288,53353,53364,53420,53425,53459,53460,53471,53539,53543,53550,53553,53601,53658,53668,53692,53712,53743,53765,53794,53854,53858,53880,53886,53896,53915,53940,53974,53978,53992,54000,54019,54151,54249,54254,54305,54308,54318,54342,54401,54409,54492,54509,54517,54539,54619,54647,54650,54657,54685,54691,54697,54700,54726,54727,54762,54789,54798,54810,54850,54867,54875,54940,54969,54977,54994,55009,55031,55065,55071,55076,55091,55146,55168,55199,55294,55326,55337,55349,55367,55375,55378,55407,55452,55462,55476,55484,55515,55519,55522,55527,55534,55544,55582,55586,55611,55628,55635,55662,55668,55679,55702,55709,55721,55730,55761,55764,55783,55803,55846,55873,55898,55904,55934,55941,55962,55978,55986,56017,56019,56020,56021,56027,56032,56049,56084,56163,56214,56232,56268,56299,56316,56325,56338,56340,56361,56371,56377,56382,56417,56422,56447,56476,56488,56498,56515,56548,56554,56555,56579,56580,56592,56605,56607,56663,56702,56714,56724,56726,56754,56774,56785,56786,56798,56829,56890,56895,56937,56947,56949,56962,56963,56973,57002,57030,57037,57087,57115,57151,57190,57193,57195,57198,57229,57234,57275,57280,57281,57300,57323,57331,57344,57363,57380,57389,57414,57505,57531,57567,57575,57614,57615,57644,57654,57657,57676,57689,57708,57711,57722,57738,57747,57753,57782,57792,57864,57872,57892,57896,57978,57980,57984,57997,58011,58064,58068,58116,58131,58140,58154,58172,58179,58209,58217,58248,58249,58254,58276,58354,58368,58391,58395,58396,58408,58427,58440,58455,58457,58472,58501,58552,58579,58581,58584,58599,58604,58606,58607,58612,58630,58643,58689,58751,58781,58798,58801,58834,58836,58838,58855,58883,58890,58903,58906,58970,58981,58988,59005,59018,59033,59043,59058,59082,59137,59140,59145,59152,59204,59217,59218,59238,59253,59254,59290,59440,59457,59463,59497,59512,59531,59537,59544,59566,59575,59580,59606,59631,59633,59668,59709
NA	SRP012682	5	50764,50951,51766,53549,54089
Nerve	SRP012682	335	50102,50107,50118,50137,50171,50177,50188,50285,50290,50308,50316,50367,50378,50408,50416,50420,50432,50436,50478,50502,50509,50543,50565,50610,50632,50650,50744,50852,50868,50882,50900,50936,50944,50956,50974,51000,51180,51213,51221,51224,51249,51264,51280,51297,51384,51421,51431,51445,51469,51475,51485,51500,51524,51602,51605,51606,51612,51624,51690,51708,51747,51794,51881,51891,51909,51910,51932,51937,52017,52060,52073,52118,52129,52137,52147,52193,52218,52228,52246,52275,52287,52296,52330,52339,52350,52404,52405,52420,52447,52451,52476,52493,52496,52501,52527,52557,52558,52569,52582,52624,52687,52756,52777,52831,52965,53010,53027,53049,53086,53106,53202,53294,53342,53378,53396,53415,53489,53494,53551,53560,53604,53620,53621,53653,53702,53792,53827,53856,53888,53973,54001,54031,54035,54043,54077,54091,54105,54133,54156,54230,54334,54335,54346,54382,54431,54459,54525,54563,54574,54575,54653,54666,54705,54771,54838,54839,54905,54917,54979,54987,55027,55041,55086,55145,55147,55165,55190,55201,55235,55242,55277,55278,55292,55371,55383,55387,55398,55415,55416,55417,55423,55450,55463,55464,55637,55696,55728,55739,55755,55759,55776,55808,55909,55942,55987,55997,56022,56033,56039,56040,56041,56066,56079,56120,56135,56136,56161,56270,56287,56294,56300,56311,56353,56405,56416,56421,56425,56429,56453,56549,56608,56609,56613,56615,56618,56715,56716,56727,56736,56743,56794,56799,56801,56879,56882,56913,56915,56926,56976,56982,56983,56985,57033,57046,57054,57095,57096,57155,57168,57186,57197,57231,57271,57424,57568,57571,57605,57691,57763,57839,57893,58021,58029,58032,58044,58052,58141,58171,58177,58193,58213,58233,58259,58267,58269,58274,58287,58304,58322,58367,58369,58426,58428,58444,58451,58515,58540,58545,58553,58561,58588,58626,58646,58651,58666,58679,58681,58750,58759,58770,58840,58866,58872,58874,58895,58937,58953,58967,58969,59017,59029,59088,59116,59130,59162,59183,59195,59256,59289,59297,59299,59356,59385,59475,59490,59503,59508,59536,59551,59593,59622,59693,59732,59741,59743
Ovary	SRP012682	108	50132,50149,50305,50449,50547,50566,50659,50669,50673,50689,50870,50939,50981,51042,51058,51270,51302,51340,51344,51358,51405,51521,51632,51914,51915,51928,52133,52348,52563,52631,52655,52755,52838,53074,53382,53413,53609,53625,53892,53895,53936,53975,54049,54057,54078,54118,54340,54394,54507,54659,54788,54807,54846,54864,54904,54923,55020,55162,55290,55408,55494,55699,55745,55753,55815,55826,56045,56124,56125,56202,56365,56459,56474,56651,56861,56893,56931,57023,57367,57376,57491,57541,57700,57720,57754,58034,58039,58090,58093,58137,58167,58227,58361,58461,58507,58518,58585,58620,58625,58782,58880,58997,59019,59246,59271,59311,59341,59437
Pancreas	SRP012682	197	50148,50234,50303,50375,50427,50471,50473,50576,50658,50721,50847,50895,50906,51054,51216,51230,51232,51238,51255,51352,51370,51374,51630,51694,51751,51817,51860,51927,52078,52145,52231,52333,52355,52436,52515,52524,52606,52629,52639,52658,52731,52769,52839,52843,52897,52925,52973,53059,53178,53269,53407,53424,53439,53502,53521,53605,53611,53643,53666,53705,53764,53789,53823,53833,53876,53901,53941,54037,54075,54093,54138,54299,54325,54365,54376,54400,54448,54486,54557,54576,54585,54603,54742,54793,54801,54825,54919,54935,55001,55032,55101,55179,55240,55244,55291,55301,55317,55334,55361,55403,55420,55456,55516,55551,55576,55599,55621,55633,55654,55677,55685,55781,55792,55796,55810,55818,55819,55849,55892,55919,56004,56058,56096,56213,56239,56285,56329,56335,56341,56388,56397,56626,56659,56676,56706,56718,56824,56848,56958,57019,57068,57129,57163,57233,57235,57399,57411,57474,57525,57558,57604,57703,57760,57783,57922,57973,57987,58016,58026,58084,58100,58127,58129,58153,58375,58551,58564,58699,58724,58764,58772,58775,58864,58865,58875,58894,58917,58954,58966,59011,59110,59115,59171,59174,59214,59257,59307,59312,59412,59424,59565,59583,59618,59626,59664,59667,59756
Pituitary	SRP012682	124	50142,50147,50173,50302,50461,50465,50527,50572,50627,50641,50720,50884,50976,51044,51083,51234,51478,51507,51657,51664,51924,51973,52003,52007,52135,52136,52190,52250,52310,52416,52486,52799,52861,52923,52958,52975,52993,53075,53090,53132,53230,53237,53280,53400,53412,53571,53578,53588,53747,53817,53921,53957,54061,54120,54181,54252,54283,54472,54532,54545,54601,54860,54878,54960,55016,55043,55083,55131,55332,55379,55738,55822,55926,56071,56102,56140,56169,56193,56227,56238,56271,56315,56373,56375,56418,56462,56509,56746,56761,56771,56809,56935,56938,56984,56993,57070,57207,57252,57412,57561,57594,57632,57692,57767,57949,57970,58055,58092,58199,58325,58355,58436,58437,58470,58537,58563,58645,58709,58769,58884,59229,59316,59445,59577
Prostate	SRP012682	119	50128,50157,50356,50368,50529,50608,50716,50757,50806,50938,51032,51063,51263,51286,51318,51439,51454,51497,51555,51887,51949,51961,51964,51970,52124,52219,52242,52265,52347,52389,52421,52566,52681,52696,52757,52816,52864,52872,52969,52983,52987,53211,53272,53299,53301,53455,53461,53519,53589,53606,53689,53746,54015,54213,54266,54420,54549,54602,54754,54871,54914,55109,55443,55570,55851,55889,55890,56008,56054,56083,56093,56265,56342,56464,56568,56593,56675,56689,56756,56852,56853,56965,56999,57016,57092,57105,57172,57204,57239,57254,57264,57312,57387,57485,57661,57693,57713,57890,58098,58136,58335,58348,58356,58383,58459,58755,58761,58893,58923,59053,59087,59100,59264,59300,59305,59586,59619,59713,59758
Salivary_Gland	SRP012682	70	50150,50220,50506,50665,50948,51059,51182,51218,51290,51310,51311,51317,51744,52202,52260,52428,52467,52642,53507,53853,54385,54422,54502,54519,54778,54961,55045,55093,55128,55192,55247,55333,55671,55688,55925,55929,55957,56011,56129,56419,56485,56504,56612,56789,56790,56854,57094,57135,57210,57265,57283,57305,57468,57477,57591,57635,57659,58130,58133,58294,58704,58714,58725,58882,58924,58982,58991,58996,59114,59659
Skin	SRP012682	972	50104,50106,50114,50115,50120,50125,50134,50139,50143,50161,50180,50183,50187,50191,50197,50198,50208,50215,50219,50257,50262,50265,50267,50268,50282,50292,50309,50315,50318,50327,50328,50339,50344,50346,50353,50357,50359,50362,50379,50381,50384,50387,50405,50407,50457,50469,50474,50492,50517,50534,50539,50541,50544,50551,50552,50553,50555,50557,50558,50575,50584,50595,50668,50672,50682,50683,50715,50719,50725,50731,50732,50777,50778,50789,50796,50821,50822,50830,50859,50860,50872,50889,50891,50899,50907,50909,50933,50937,50946,50952,50954,50980,50984,50992,50996,50997,51038,51039,51046,51064,51067,51076,51078,51080,51104,51113,51124,51126,51135,51137,51140,51186,51205,51233,51245,51250,51252,51257,51259,51260,51275,51282,51289,51304,51309,51324,51336,51351,51362,51363,51395,51396,51422,51443,51444,51468,51477,51483,51491,51495,51510,51523,51538,51543,51547,51551,51554,51559,51561,51562,51584,51585,51586,51616,51627,51628,51642,51650,51653,51679,51680,51687,51699,51700,51706,51719,51720,51723,51725,51726,51732,51743,51761,51773,51792,51801,51806,51811,51818,51834,51844,51846,51853,51886,51907,51918,51922,51930,51939,51950,51960,51971,51983,51987,51988,51998,52004,52010,52011,52012,52035,52114,52127,52130,52138,52148,52149,52160,52165,52168,52169,52184,52191,52207,52214,52215,52227,52233,52238,52241,52249,52261,52263,52273,52283,52291,52302,52315,52326,52340,52360,52363,52364,52368,52370,52383,52388,52410,52412,52413,52419,52422,52434,52441,52448,52452,52478,52482,52494,52495,52508,52512,52523,52545,52556,52561,52571,52573,52575,52585,52588,52593,52602,52603,52604,52615,52626,52635,52640,52641,52656,52666,52694,52695,52702,52710,52717,52735,52751,52754,52771,52794,52797,52811,52812,52823,52847,52853,52858,52877,52882,52894,52898,52900,52902,52928,52931,52953,52962,52974,52986,52990,53004,53012,53020,53022,53025,53029,53039,53073,53080,53095,53108,53112,53113,53128,53140,53164,53174,53179,53181,53183,53186,53193,53200,53218,53220,53227,53242,53244,53260,53265,53273,53278,53281,53282,53285,53291,53310,53311,53321,53347,53349,53373,53380,53390,53393,53409,53410,53446,53456,53465,53476,53492,53500,53504,53530,53541,53542,53545,53546,53548,53574,53579,53599,53607,53615,53638,53639,53640,53641,53646,53648,53657,53676,53693,53711,53714,53729,53734,53751,53761,53762,53771,53772,53800,53806,53825,53830,53838,53840,53842,53844,53852,53860,53865,53879,53881,53906,53917,53919,53924,53930,53933,53945,53948,53955,53967,53985,54020,54025,54046,54053,54056,54060,54068,54083,54086,54092,54103,54104,54128,54135,54158,54179,54185,54187,54190,54205,54207,54215,54223,54242,54248,54263,54268,54272,54280,54303,54323,54339,54341,54363,54364,54367,54368,54371,54372,54375,54379,54387,54390,54393,54396,54406,54417,54418,54423,54446,54455,54467,54470,54476,54477,54480,54490,54504,54508,54528,54536,54540,54560,54567,54579,54580,54584,54593,54608,54632,54665,54676,54703,54720,54739,54740,54744,54753,54757,54794,54804,54809,54814,54819,54849,54851,54859,54869,54881,54888,54893,54900,54907,54911,54918,54927,54941,54951,54968,54991,55003,55019,55030,55036,55046,55052,55054,55056,55069,55094,55098,55099,55100,55107,55112,55118,55135,55143,55151,55170,55180,55186,55191,55202,55204,55205,55210,55211,55219,55221,55229,55234,55238,55241,55260,55261,55262,55302,55314,55335,55357,55373,55402,55412,55413,55418,55435,55439,55455,55459,55467,55485,55499,55502,55508,55509,55511,55520,55524,55530,55543,55546,55548,55589,55598,55602,55603,55610,55620,55627,55643,55647,55653,55670,55675,55682,55734,55751,55756,55758,55770,55772,55775,55789,55798,55802,55821,55845,55854,55857,55861,55884,55902,55917,55920,55937,55938,55944,55955,55958,55967,55969,55974,55975,55985,55988,55989,56034,56036,56053,56060,56062,56065,56076,56080,56085,56090,56110,56117,56123,56127,56138,56141,56150,56151,56166,56170,56178,56181,56220,56249,56255,56257,56259,56269,56279,56292,56293,56295,56296,56298,56328,56347,56359,56360,56368,56380,56407,56410,56413,56430,56454,56460,56466,56472,56482,56489,56495,56499,56502,56506,56516,56533,56544,56574,56578,56584,56623,56627,56690,56692,56712,56720,56722,56742,56772,56778,56780,56783,56787,56795,56810,56817,56832,56836,56837,56841,56845,56863,56866,56909,56930,56944,56967,56968,56974,56979,56986,56997,57045,57053,57055,57056,57058,57059,57062,57063,57065,57072,57074,57089,57091,57100,57111,57119,57132,57164,57166,57171,57176,57182,57183,57221,57223,57225,57230,57256,57259,57260,57267,57288,57299,57325,57327,57354,57359,57375,57390,57401,57406,57416,57419,57420,57447,57456,57475,57476,57486,57487,57503,57523,57550,57553,57560,57569,57603,57606,57616,57624,57633,57640,57641,57668,57679,57682,57686,57690,57695,57707,57717,57721,57727,57733,57739,57741,57758,57773,57774,57777,57785,57807,57815,57818,57819,57832,57868,57869,57882,57914,57918,57932,57933,57936,57937,57943,57954,57959,57961,57963,57971,57972,57977,57982,57985,57989,58002,58019,58024,58027,58036,58067,58072,58074,58083,58096,58106,58114,58115,58122,58123,58173,58186,58190,58198,58202,58244,58253,58257,58263,58268,58273,58275,58298,58299,58302,58317,58318,58330,58331,58340,58350,58362,58366,58398,58442,58448,58476,58487,58493,58532,58533,58536,58544,58550,58556,58557,58583,58592,58593,58623,58628,58641,58648,58658,58659,58665,58674,58676,58683,58690,58692,58695,58697,58715,58719,58721,58728,58735,58736,58744,58771,58773,58778,58793,58814,58815,58835,58842,58870,58920,58939,58941,58943,58961,58971,58994,58998,59004,59024,59026,59037,59061,59076,59094,59109,59113,59136,59146,59173,59186,59202,59209,59222,59245,59265,59276,59277,59278,59288,59313,59314,59315,59317,59321,59322,59325,59339,59345,59395,59399,59400,59413,59435,59443,59444,59465,59468,59484,59516,59534,59554,59568,59573,59592,59600,59616,59625,59645,59653,59657,59672,59688,59691,59692,59702,59706,59711,59730,59731,59739,59749,59755,59760
Small_Intestine	SRP012682	104	50322,50481,50538,50540,50594,50616,50618,50935,51026,51193,51281,51330,51398,51496,51592,51785,52121,52192,52212,52365,52472,52489,52587,52598,52652,52780,52786,52800,52871,53154,53169,53199,53203,53250,53309,53352,53608,53623,53721,53780,53810,53816,53902,53903,54045,54154,54171,54350,54597,54660,54748,54764,54841,54855,54865,55078,55386,55393,55791,56025,56072,56240,56332,56394,56457,56687,56750,56932,56941,56957,57005,57020,57049,57066,57273,57360,57362,57563,57745,57979,58022,58124,58229,58280,58520,58543,58547,58638,58694,58696,58718,58914,58922,58986,58990,59148,59182,59233,59286,59340,59432,59513,59733,59746
Spleen	SRP012682	118	50358,50390,50393,50396,50515,50577,50605,50666,50767,50966,51034,51266,51285,51323,51337,51379,51461,51481,51601,51620,51626,51735,51884,51979,52225,52317,52373,52398,52425,52461,52618,52636,52810,52950,53131,53258,53270,53304,53427,53558,53722,53875,54189,54276,54290,54435,54500,54537,54552,54562,54604,54749,54756,54876,55338,55510,55545,55644,55771,55778,55836,55982,55996,56028,56186,56273,56350,56436,56440,56448,56450,56471,56534,56573,56662,56695,56781,56805,56843,56988,56996,57173,57214,57270,57371,57460,57712,57794,57803,57844,58004,58010,58012,58104,58126,58148,58282,58292,58363,58384,58559,58611,58691,58767,58904,58963,59068,59099,59165,59310,59387,59422,59425,59427,59589,59690,59714,59724
Stomach	SRP012682	203	50176,50216,50229,50247,50286,50483,50494,50536,50657,50783,50826,50940,50942,50950,51011,51015,51029,51033,51041,51055,51156,51181,51242,51299,51334,51480,51525,51549,51579,51595,51639,51675,51705,51826,51842,51877,51947,52016,52179,52236,52266,52267,52285,52288,52316,52375,52619,52726,52773,52814,52860,52885,52912,52952,52982,53088,53135,53176,53207,53243,53283,53303,53454,53561,53570,53748,53769,53773,53928,53944,54038,54115,54141,54145,54147,54173,54176,54200,54222,54232,54244,54265,54370,54373,54469,54471,54497,54544,54629,54729,54738,54761,54766,54868,54874,55150,55220,55288,55321,55473,55491,55547,55596,55641,55720,55727,55812,55860,55870,55871,55882,55907,55912,55921,55943,56009,56103,56142,56146,56156,56215,56280,56313,56327,56461,56470,56668,56759,56782,56956,56987,57017,57114,57140,57147,57165,57236,57266,57274,57294,57317,57330,57364,57418,57425,57429,57449,57453,57454,57472,57516,57578,57579,57755,57801,57808,58040,58097,58121,58200,58310,58377,58406,58409,58423,58441,58527,58548,58576,58661,58677,58830,58888,58900,58913,58946,58947,59007,59014,59032,59035,59050,59083,59104,59111,59144,59187,59251,59258,59291,59343,59354,59370,59380,59386,59434,59557,59670,59682,59683,59736,59737,59751
Testis	SRP012682	203	50100,50121,50206,50245,50271,50298,50338,50352,50458,50622,50660,50797,50807,50808,50831,50886,51066,51116,51148,51154,51191,51195,51335,51420,51426,51582,51597,51641,51682,51862,51955,51959,51965,51986,51995,52040,52101,52157,52234,52407,52565,52621,52643,52660,52667,52672,52705,52782,52836,52960,53084,53126,53138,53144,53190,53191,53201,53228,53239,53286,53287,53336,53355,53359,53428,53430,53473,53512,53524,53527,53540,53566,53683,53688,53718,53801,53804,53836,53912,53918,53920,54017,54082,54159,54170,54217,54219,54281,54357,54441,54478,54571,54640,54692,54719,54862,54903,54956,54971,54989,55025,55090,55130,55133,55134,55155,55198,55228,55286,55327,55340,55351,55406,55517,55634,55695,55705,55740,55790,55801,55840,55945,55959,56000,56024,56050,56064,56144,56168,56175,56203,56218,56229,56237,56319,56411,56591,56701,56734,56849,56889,56995,57034,57044,57138,57179,57194,57217,57224,57244,57413,57488,57619,57638,57672,57756,57850,57855,57909,57928,57958,58043,58056,58082,58120,58156,58221,58231,58285,58286,58289,58344,58390,58454,58468,58479,58489,58574,58600,58635,58688,58703,58727,58786,58852,58859,59046,59184,59230,59242,59283,59328,59346,59347,59375,59417,59421,59486,59495,59574,59723,59734,59742
Thyroid	SRP012682	361	50111,50135,50144,50155,50164,50193,50195,50253,50259,50261,50297,50333,50413,50421,50428,50431,50476,50496,50533,50561,50590,50592,50614,50628,50643,50652,50667,50685,50696,50710,50723,50730,50763,50805,50818,50837,50844,50892,50910,50911,50912,50941,50978,51095,51167,51222,51268,51288,51315,51389,51392,51401,51453,51493,51544,51563,51569,51571,51588,51615,51634,51666,51710,51713,51722,51724,51739,51787,51800,51835,51841,51855,51913,51935,51997,51999,52019,52033,52038,52064,52171,52206,52280,52313,52394,52417,52424,52444,52446,52463,52471,52488,52514,52516,52597,52620,52633,52645,52669,52674,52684,52692,52700,52706,52721,52722,52770,52778,52783,52866,52911,52940,52976,53001,53081,53094,53102,53145,53155,53159,53205,53212,53323,53334,53340,53377,53414,53436,53445,53450,53453,53462,53486,53535,53631,53652,53665,53685,53710,53755,53777,53835,53872,53887,53908,53993,54002,54006,54041,54111,54119,54152,54261,54279,54286,54362,54386,54411,54412,54413,54419,54432,54440,54442,54488,54496,54542,54556,54568,54589,54611,54621,54679,54684,54701,54706,54724,54725,54733,54785,54822,54828,54879,54921,54922,54939,54972,54990,54997,55055,55058,55149,55188,55214,55230,55305,55345,55356,55374,55392,55428,55437,55444,55466,55479,55489,55531,55533,55537,55542,55552,55588,55622,55661,55691,55780,55852,55865,55891,55899,55952,55973,55976,55977,56030,56105,56113,56133,56199,56223,56247,56277,56289,56301,56302,56317,56372,56393,56428,56481,56527,56550,56553,56559,56666,56681,56694,56792,56802,56816,56847,56872,56952,56955,56966,56972,56978,57007,57021,57086,57117,57121,57139,57157,57188,57216,57243,57277,57278,57284,57289,57292,57349,57355,57361,57408,57415,57417,57455,57458,57506,57512,57623,57651,57683,57726,57762,57770,57827,57830,57834,57835,57934,57991,57999,58103,58107,58113,58152,58157,58160,58215,58216,58218,58232,58252,58265,58266,58303,58333,58337,58376,58380,58387,58389,58419,58485,58488,58516,58519,58549,58615,58656,58702,58705,58710,58720,58722,58745,58754,58797,58804,58902,58928,58935,58999,59013,59080,59107,59139,59150,59190,59199,59212,59236,59249,59262,59349,59366,59369,59431,59446,59470,59528,59640,59643,59671,59675,59698,59725,59750
Uterus	SRP012682	90	50189,50498,50601,50690,50735,50855,50876,51061,51329,51332,51372,51668,51676,51736,51758,51779,51805,51946,51962,52028,52140,52318,52322,52519,52632,52659,52947,53015,53180,53198,53213,53222,53719,53744,53808,53894,53972,53980,53996,54164,54447,54511,54711,54811,55042,55066,55298,55395,55453,55640,55742,55855,55881,55968,56303,56312,56408,56432,56601,56603,56677,56767,56989,57347,57540,57574,57620,57791,57793,57870,57957,57998,58511,58673,58701,58723,58749,58881,58948,58975,59181,59284,59376,59390,59418,59527,59608,59632,59681,59716
Vagina	SRP012682	97	50334,50386,50708,50728,50824,51102,51166,51236,51300,51419,51484,51609,51672,51948,51994,52029,52538,52552,52653,52673,52805,52888,52957,52968,52994,53030,53055,53079,53262,53277,53290,53308,53629,53742,53803,53942,54125,54134,54168,54227,54236,54274,54359,54570,54670,54866,55102,55104,55257,55372,55470,55529,55700,55950,55983,56143,56204,56211,56251,56376,56496,56631,56725,56762,56814,56975,56980,57170,57295,57343,57391,57432,57470,57583,57704,57734,57737,58079,58119,58178,58279,58438,58738,58740,58777,58945,59010,59063,59064,59192,59219,59364,59372,59433,59665,59669,59703
